{"cameraMode":{"drawMode":0,"name":"Shaded","section":"Shading Mode"},"sceneLighting":true,"audioPlay":false,"sceneViewState":{"showFog":true,"showMaterialUpdate":false,"showSkybox":true,"showFlares":true,"showImageEffects":true,"showParticleSystems":true},"in2DMode":false,"pivot":{"x":-3.386605739593506,"y":0.7185981273651123,"z":-1.1037081480026246},"rotation":{"x":-0.11337750405073166,"y":0.6187275648117065,"z":-0.09086122363805771,"w":-0.772053599357605},"size":4.72752046585083,"orthographic":false}